rank,name,category,mdx_file,address,city,neighborhood,phone,website,monthly_price_low,monthly_price_high,price_confidence,min_term,furnished,utilities_included,parking,pets,unit_types,private_no_roommates,availability,drive_min_to_redmond,senior_friendly,source_url,notes
1,Larkspur Landing Bellevue,hotel,locations/hotel/Larkspur_Landing_Bellevue.mdx,15805 SE 37th St,Bellevue,Eastgate,425-373-1212,https://www.larkspurhotels.com/bellevue/extended-stay,2550,3030,published,30 nights,Yes,Yes,Free,Yes,Studio and 1BR suites with full kitchen,Yes,Call to confirm,20,Partial,https://www.larkspurhotels.com/bellevue/offers/extended-stay-rates,Only property found with a PUBLISHED 30+ night rate ($85/night). States tax exemption over 30 nights. Free coin-less laundry. Rate card expired 5/2/2026 - reconfirm
2,Extended Stay America Suites Seattle - Redmond,hotel,locations/hotel/Extended_Stay_America_Seattle_Redmond.mdx,15805 NE 28th St,Bellevue,Overlake (Redmond border),425-885-6675,https://www.extendedstayamerica.com/hotels/wa/seattle/redmond,2010,2520,estimate,7 nights for discount; 30+ for best rate,Yes,Yes,Free,Yes,Studio suite with full kitchen and two-burner stove,Yes,Call to confirm,9,Partial,https://www.kayak.com/Bellevue-Hotels-Extended-Stay-America---Seattle---Redmond.96717.ksp,Named Redmond but physically Bellevue Overlake. Closest true extended-stay to Redmond. Housekeeping every other week. Ask for dishes at check-in
3,Landing - Peloton Apartments,platform,locations/platform/Landing_Peloton.mdx,7435 159th Pl NE,Redmond,Downtown Redmond,415-231-1701,https://www.zumper.com/apartment-buildings/p30164/peloton-downtown-redmond-redmond-wa,2204,3223,published,30 days,Yes,Yes,Yes,Yes,1BR / 2BR,Yes,9 units at building level,0,Yes,https://www.zumper.com/apartment-buildings/p30164/peloton-downtown-redmond-redmond-wa,Real Landing inventory in downtown Redmond. 3 stories 150 units ON the Sammamish River Trail - excellent for a senior who walks. Furnished Landing rate may differ from the building rate shown
4,WoodSpring Suites Seattle Redmond,hotel,locations/hotel/WoodSpring_Suites_Seattle_Redmond.mdx,7045 180th Ave NE,Redmond,Overlake / SE Redmond,425-598-7010,https://www.woodspring.com/extended-stay-hotels/locations/washington/seattle-tacoma-bellevue/woodspring-suites-seattle-redmond,,,unknown,28 nights paid at check-in,Yes,Yes,Free,Yes (dogs only),Studio suite with full kitchen and dishwasher,Yes,Call to confirm,0,Yes,https://www.tripadvisor.com/Hotel_Review-g58702-d12932813-Reviews-WoodSpring_Suites_Seattle_Redmond-Redmond_Washington.html,Best documented ADA features - roll-in showers 32in doors braille elevator. IN Redmond. Monthly rate is a real product but requires 28 nights up front
5,Catalina Apartments,apartment,locations/apartment/Catalina_Apartments.mdx,2210 132nd Ave SE,Bellevue,Wilburton / Eastgate,425-746-5400,https://www.catalinabellevue.com/,1495,1895,published,Month-to-month (as short as 3 nights),Partial,Yes,Included,Yes (1 pet 60lb max),Studio / Studio+Den / 1BR / 2BR,Yes,Call to confirm,18,Partial,https://www.rentcafe.com/apartments/wa/bellevue/catalina-apartments1/default.aspx,STANDOUT. Rent includes ALL utilities plus cable HBO phone internet and parking. Has a few furnished corporate suites. App fee 45. Deposit 400-600. 1970s property
6,Landing - Skyline Redmond (Olde Redmond Place),platform,locations/platform/Landing_Skyline_Redmond.mdx,7001 Old Redmond Rd,Redmond,Olde Redmond,415-231-1701,https://www.hellolanding.com/properties/olde-redmond-place-apartments,1767,2451,published,30 days,Yes,Yes,Yes covered,Yes,1BR / 2BR,Yes,0 units available at last check,0,Partial,https://www.hellolanding.com/properties/olde-redmond-place-apartments,CHEAPEST verified Redmond furnished option found anywhere. Pool clubhouse fitness covered parking. But showed ZERO availability at fetch - call to check
7,Furnished Finder,platform,locations/platform/Furnished_Finder.mdx,,Redmond / Bellevue / Kirkland,Citywide,877-982-4959,https://www.furnishedfinder.com/housing/us--wa--redmond,1450,3500,published,30 days,Yes,Partial,Unknown,Partial,Studio / 1BR / house - some private rooms,Partial,Redmond 21 avail; Bellevue 44; Kirkland 50,0,Partial,https://www.furnishedfinder.com/housing/us--wa--redmond,Travel-nurse marketplace - 30 days is the native use case. FREE for renters. MUST filter out private-room listings. Off-platform payment = no escrow
8,Villaggio on Yarrow Bay,apartment,locations/apartment/Villaggio_on_Yarrow_Bay.mdx,4311 Lake Washington Blvd NE,Kirkland,Yarrow Bay,206-488-0135,https://www.villaggiokirkland.com/,2157,5397,published,2 months,No,Unknown,Yes,Yes,1BR / 2BR / 3BR,Yes,8 units,15,Unknown,https://www.apartmentlist.com/wa/kirkland/villaggio-on-yarrow-bay--1,Best confirmed short-term term in Kirkland - lease terms 2-18 months. Shorter leases carry unpublished added fees. Private beach and marina. Alt phone 425-827-4603
9,The Luke,apartment,locations/apartment/The_Luke.mdx,8280 164th Ave NE,Redmond,Downtown Redmond,425-584-2426,https://www.apartmentlist.com/wa/redmond/the-luke,2050,3436,published,2 months,No,No,Yes garage,Yes,Studio / 1BR / 2BR,Yes,Now - Aug 7 2026,0,Unknown,https://www.apartmentlist.com/wa/redmond/the-luke,Shortest lease term found in Redmond proper (2-18 months). Unfurnished. Short-term premium unpublished. Income requirement 3x rent - a risk for a retiree
10,Bellevue Ridge,apartment,locations/apartment/Bellevue_Ridge.mdx,3241 156th Ave SE,Bellevue,Eastgate / Lake Hills,425-864-4997,https://www.bellevueridgeapts.com/,1495,2000,published,Month-to-month (MTM flat fee),No,Partial,Unknown,Yes (1 pet),Studio only 157-270 sqft,Yes,28 units available,18,Yes,https://www.rentcafe.com/apartments/wa/bellevue/bellevue-ridge/default.aspx,Publishes an actual MTM flat fee so month-to-month is a real product. Elevator. ADA studio at 2000. Micro-studios are TINY. No in-unit laundry. Two months free promo
11,Extended Stay America Suites Seattle - Bellevue - Factoria,hotel,locations/hotel/Extended_Stay_America_Bellevue_Factoria.mdx,3700 132nd Ave SE,Bellevue,Factoria,425-865-8680,https://www.extendedstayamerica.com/hotels/wa/seattle/bellevue-factoria,1710,2400,estimate,7 nights for discount; 30+ for best rate,Yes,Yes,Free surface lot,Yes,Studio with full kitchen,Yes,Call to confirm,18,Unknown,https://www.extendedstayamerica.com/hotels/wa/seattle/bellevue-factoria,Cheapest East Bellevue option found. Weekly housekeeping only. Grab-and-go breakfast. Ask for ground-floor unit
12,Merrill Gardens at Kirkland,senior_living,locations/senior_living/Merrill_Gardens_at_Kirkland.mdx,201 Kirkland Ave (also listed as 14 Main St S),Kirkland,Moss Bay / Downtown Kirkland,425-828-2570,https://www.merrillgardens.com/senior-living/wa/kirkland/merrill-gardens-at-kirkland/,3095,3995,conflicting,1 month,Yes,Yes,Unknown,Yes,Studio / 1BR 460-895 sqft,Yes,Call to confirm,15,Yes,https://www.apartments.com/merrill-gardens-at-kirkland-kirkland-wa/hlzht32/,TRUE month-to-month with no buy-in. 55+ independent living with meals and housekeeping. Sources disagree on price (2595 / 3095 / 3995) - confirm by phone. Zero furniture cost
13,Redmond Place,apartment,locations/apartment/Redmond_Place.mdx,8935 160th Ave NE,Redmond,Downtown Redmond,718-612-7681,https://www.apartmentlist.com/wa/redmond/redmond-place,2250,3799,published,2 months,No,Unknown,Yes garage,Yes,1BR / 2BR / 3BR,Yes,Aug - Sep 2026,0,Unknown,https://www.apartmentlist.com/wa/redmond/redmond-place,Cheapest 2-month-capable option in Redmond. 2-12 month terms. Short leases carry extra fees (amount unpublished). Availability skews late
14,La Quinta Inn & Suites Seattle Bellevue/Kirkland,hotel,locations/hotel/La_Quinta_Seattle_Bellevue_Kirkland.mdx,10530 NE Northup Way,Kirkland,South Kirkland (Bridle Trails / Yarrow Bay edge),425-828-6585,https://www.wyndhamhotels.com/laquinta/kirkland-washington/lla-quinta-seattle-bellevue-kirkland/overview,2400,3000,estimate,Unknown,Yes,Yes,Free,Yes (free 2 max),Standard rooms and suites - microwave and fridge,Yes,Call to confirm,11,Partial,https://www.yelp.com/biz/la-quinta-by-wyndham-seattle-bellevue-kirkland-kirkland,The only real hotel physically IN South Kirkland at budget. Pets stay FREE. NO full kitchen - micro/fridge only. Shortest Kirkland drive to Redmond
15,Kirkland Crossing,apartment,locations/apartment/Kirkland_Crossing.mdx,10715 NE 37th Ct,Kirkland,South Kirkland / Lakeview,425-675-4731,https://www.liveatkirklandcrossing.com/,1890,2395,published,12 months published - call re short term,No,Unknown,Garage included,Yes,Studio / 1BR / 2BR,Yes,Studio Aug 4; 1BR Aug 8,13,Unknown,https://www.apartmentlist.com/wa/kirkland/kirkland-crossing,Sits ON the South Kirkland Park & Ride - best transit of any option. Cheapest South Kirkland rent. 12-month is the published default - must ask for short term
16,Extended Stay America Premier Suites Seattle - Bellevue - Downtown,hotel,locations/hotel/Extended_Stay_America_Bellevue_Downtown.mdx,11400 Main St,Bellevue,Downtown Bellevue,425-453-8186,https://www.extendedstayamerica.com/hotels/wa/seattle/bellevue-downtown,2340,2430,estimate,7 nights for discount; 30+ for best rate,Yes,Yes,"On-site, confirm cost",Yes,Studio and 1BR suites with full kitchen,Yes,Call to confirm,20,Unknown,https://www.kayak.com/Bellevue-Hotels-Extended-Stay-America---Seattle---Bellevue---Downtown.15442.ksp,Premier tier is newer than standard ESA. CONFIRM PARKING COST - downtown Bellevue often charges 15-25/night which would add 450-750/mo and break budget
17,Between Moves,corporate_housing,locations/corporate_housing/Between_Moves.mdx,,"Redmond, Kirkland, Bellevue, Bothell, Woodinville, Issaquah",Eastside,425-822-0533,https://www.betweenmoves.com/,,,unknown,Month-to-month,Yes,Yes (incl cable and WiFi),Varies,Case-by-case,Condo / private home / apartment,Yes,Site says NO units available - get on waitlist,0,Unknown,https://www.betweenmoves.com/,The only genuinely LOCAL Eastside owner-operator (21-25 yrs). Ask for Coral - Coral@BetweenMoves.com. No published pricing. Best referral node in the local market
18,Corporate Housing by Owner (CHBO),platform,locations/platform/Corporate_Housing_by_Owner.mdx,,"Redmond, Bellevue, Kirkland, Kenmore",Eastside,877-333-2426,https://www.corporatehousingbyowner.com/search/United-States--Washington--Redmond/,1450,17000,published,1 month,Yes,Partial,Varies,Varies,Studio / condo / townhouse / house,Yes,42+ rentals in Redmond area search,0,Unknown,https://www.corporatehousingbyowner.com/search/United-States--Washington--Redmond/,Marketplace of PRIVATE OWNERS - negotiate direct no corporate markup. 1450 floor is the lowest verified number found. Kirkland 3BR townhouse 3500/mo avail Aug 15. Two agents disagreed on inventory depth - verify yourself
19,Avalon Esterra Park (Furnished+),apartment,locations/apartment/Avalon_Esterra_Park.mdx,2690 152nd Ave NE,Redmond,Overlake,206-339-6837,https://www.avaloncommunities.com/washington/redmond-apartments/avalon-esterra-park/,3435,3485,published,12 months published - ask about Furnished+ 30-day,Yes,Yes,Yes with EV outlets,Yes,Studio / 1BR,Yes,Jul 2026 onward,0,Unknown,https://www.avaloncommunities.com/washington/redmond-apartments/avalon-esterra-park/,Cheapest TURNKEY furnished in Redmond - only 135-185 over budget. Utilities and WiFi included. AvalonBay says Furnished+ supports 30-day terms at select communities - confirm this is one. Also a Blueground building
20,Blueground (Redmond inventory),blueground,locations/blueground/Blueground.mdx,Everlight 8709 161st Ave NE; Milehouse 8300 160th Ave NE; Allez 8397 158th Ave NE; Avalon ParcSquare 16080 NE 85th St,Redmond,Downtown / Overlake / Willows / SE Redmond,1-917-259-1222,https://www.theblueground.com/m/furnished-apartments/redmond-wa-usa,,,unknown,30 days,Yes,Yes,Extra fee,Partial,Studio / 1BR / 2BR / 3BR,Yes,Several units avail from Jul 16 2026,0,Unknown,https://www.theblueground.com/m/furnished-apartments/redmond-wa-usa,Known base option - we have used them before. 23+ Redmond units. NO published prices - dynamic pricing rewards LONG stays so 1-2 months is the worst tier. Harsh cancellation. Est 3500-5000/mo
,Aspen Creek Apartments,apartment,locations/apartment/Aspen_Creek_Apartments.mdx,11101 123rd Ln NE,Kirkland,Juanita / Totem Lake edge,206-258-7540,https://www.apartmentlist.com/wa/kirkland/aspen-creek-apartments,2349,3557,published,6 months new residents; 1 month renewals,No,Unknown,Included,Yes,1BR / 2BR / 3BR,Yes,9 units,17,Unknown,https://www.apartmentlist.com/wa/kirkland/aspen-creek-apartments,The 1-month term is RENEWALS ONLY - does not help a first-time move-in. 6-24 months for new residents. 4.0/5 rating. Income 3x. FLAG distance
,Avalon at Bear Creek (Furnished+),apartment,locations/apartment/Avalon_at_Bear_Creek.mdx,11305 183rd Place NE,Redmond,Bear Creek,425-414-7427,https://www.avaloncommunities.com/washington/redmond-apartments/avalon-at-bear-creek/,2680,4935,published,2 months,Partial,Partial,Yes garage and carport,Yes,1BR / 2BR / 3BR / Townhouse,Yes,Jul 16 - Sep 27 2026,0,Unknown,https://www.apartmentlist.com/wa/redmond/avalon-at-bear-creek,2-12 month terms AND a Furnished+ program (1BR from 3960 incl utilities and wifi - over budget). Unfurnished 1BR 2680. One month free if lease by 7/25 - ask if it applies to short terms
,Bell Marymoor Park,apartment,locations/apartment/Bell_Marymoor_Park.mdx,6335 180th Pl NE,Redmond,Marymoor,425-286-8622,https://www.bellmarymoorpark.com/,2243,3337,published,3 months,No,No,Yes garage,Yes,Studio / 1BR / 2BR,Yes,Now - Aug 2026,0,Unknown,https://www.apartmentlist.com/wa/redmond/bell-marymoor-park,3-12 month terms. Unusual - the 9-month studio (2243) prices BELOW the 12-month (2468) so short terms are not penalized here. 500 look-and-lease. Income only 2.25x
,Bell Overlake,apartment,locations/apartment/Bell_Overlake.mdx,3040 148th Ave NE,Redmond,Overlake,206-222-8731,https://www.belloverlake.com/,1846,2901,published,4 months,No,Unknown,Yes garage,Yes,Studio / 1BR,Yes,Now - Aug 14 2026,0,Unknown,https://www.apartmentlist.com/wa/redmond/bell-overlake,Lowest base rent of the flexible-term Redmond set. 4-month minimum is double the need. Email overlake@bellpartnersinc.com
,Bell Totem Lake,apartment,locations/apartment/Bell_Totem_Lake.mdx,12655 120th Ave NE,Kirkland,Totem Lake / Finn Hill,425-217-3738,https://www.apartmentlist.com/wa/kirkland/bell-totem-lake,1810,3625,published,6 months,No,Unknown,Yes,Yes,Studio / 1BR / 2BR,Yes,11 units,18,Yes,https://www.apartmentlist.com/wa/kirkland/bell-totem-lake,Explicitly lists ACCESSIBLE UNITS. 6-15 month terms confirmed. Studio from 1865. FLAG - farthest mainstream option and at the edge of the 20-min rule
,Champagne At Bellevue,apartment,locations/apartment/Champagne_At_Bellevue.mdx,15165 NE 8th St,Bellevue,Crossroads / Lake Hills,425-785-0101,https://champagneapartments.com/,2449,2995,published,Short-term available,No,Unknown,Included,NO,2BR only 1007 sqft,Yes,Call to confirm,12,Partial,https://www.rentcafe.com/apartments/wa/bellevue/champagne-at-bellevue/default.aspx,Boutique 33-unit community. NO PETS ALLOWED - hard stop if Tom has one. 2BR-only means paying for unused space. Deposit 500. In-unit washer dryer
,CityScape Apartments,apartment,locations/apartment/CityScape_Apartments.mdx,558 121st Pl NE,Bellevue,Wilburton,425-453-0720,https://www.cityscapebellevue.com/,2195,2195,published,12 months direct; short-term via corporate housing,Partial,No,Unknown,Yes,1BR / 2BR,Yes,2 units available,16,Partial,https://www.corporatehousing.com/wa/bellevue/cityscape-newly-renovated-premier-location-in-bellevue-rooftop-entertainment-area/pnk685t,SPLIT SIGNAL - direct leasing is 12-month ONLY but furnished short-term units in this same building sell through CorporateHousing.com (likely over budget). Two blocks from Wilburton light rail
,Colonial Square,apartment,locations/apartment/Colonial_Square.mdx,1616 156th Ave NE,Bellevue,Crossroads,425-256-4046,https://washington.weidner.com/apartments/wa/bellevue/colonial-square-3/,1640,1994,published,Unknown,No,No,Unknown,Yes,Studio / 1BR,Yes,Call to confirm,12,Unknown,https://www.rentcafe.com/apartments/wa/bellevue/colonial-square-3/default.aspx,Among the lowest rents in Crossroads. Across from Crossroads Mall - excellent for errands without driving. Weidner routinely writes 3-11 month terms at a premium but publishes nothing. Entirely a phone call
,Eaves Redmond Campus (Furnished+),apartment,locations/apartment/Eaves_Redmond_Campus.mdx,15606 NE 40th St Bldg Z,Redmond,Overlake,425-414-7548,https://www.avaloncommunities.com/washington/redmond-apartments/eaves-redmond-campus/,2260,5045,published,12 months,Partial,Partial,Yes,Yes,1BR / 2BR / 3BR,Yes,Jul 16 - Aug 7 2026,0,Unknown,https://www.avaloncommunities.com/washington/redmond-apartments/eaves-redmond-campus/,Furnished+ 1BR from 3510 - 210 over budget. No studios so the cheapest path is gone. 12-month standard. Secondary call after Esterra Park
,Evans Creek,apartment,locations/apartment/Evans_Creek.mdx,6205 188th Lane NE,Redmond,Bear Creek,224-334-3784,https://www.apartmentlist.com/wa/redmond/evans-creek,1970,3745,published,5 months,No,Unknown,Yes garage,Yes,1BR / 2BR / 3BR,Yes,Now,0,Unknown,https://www.apartmentlist.com/wa/redmond/evans-creek,5-12 month terms - too long for a 1-2 month stay. Cheap (1BR from 1997) with up to 1 month free. Listed for flexibility only. Storage 30/mo
,Madison Bellevue Apartments,apartment,locations/apartment/Madison_Bellevue_Apartments.mdx,885 154th Pl NE,Bellevue,Crossroads,425-747-2051,https://www.madison-bellevue.com/,2125,2325,published,3 months,No,No,Assigned garage,Yes,1BR / 2BR,Yes,Call to confirm,12,Partial,https://www.rentcafe.com/apartments/wa/bellevue/madison-bellevue-apartments/default.aspx,Clearest published short-lease window in Crossroads (3-12 months). Deposit only 300. App fee 42. Pet 200 fee + 200 deposit + 25/mo. 3 months is 1 more than needed
,Meydenbauer,apartment,locations/apartment/Meydenbauer.mdx,10022 Meydenbauer Way SE,Bellevue,Downtown / Meydenbauer Bay,888-298-6544,https://www.meydenbauer.apartments/,1695,4895,published,Short-term available,No,Unknown,Garage,Yes,Studio / 1BR / 2BR / 3BR,Yes,Call to confirm,15,Partial,https://www.rentcafe.com/apartments/wa/bellevue/meydenbauer0/default.aspx,On RentCafe short-term list. Studio at 1695 is cheap for downtown. Water views. Leasing office hours extremely limited (one listing shows Mon 10-5 only) and management is in Lynnwood - expect slow response
,Modera Bridle Trails,apartment,locations/apartment/Modera_Bridle_Trails.mdx,13033 NE 70th Pl,Kirkland,Bridle Trails,425-655-0095,https://www.moderabridletrails.com/,2325,3505,published,12 months published - site says flexible,No,Unknown,Not listed as included,Yes,Studio / 1BR / 2BR / 3BR,Yes,Large lease-up - many units now,9,Unknown,https://www.apartmentlist.com/wa/kirkland/modera-bridle-trails,CLOSEST Kirkland building to Redmond (~9 min). Brand-new lease-up with up to 8 weeks free. Lease-ups in heavy concession mode are the MOST likely to cut a 3-month deal - worth a hard ask
,Monterey at Lake View Drive,apartment,locations/apartment/Monterey_at_Lake_View_Drive.mdx,10212 NE 68th St,Kirkland,Lakeview / Houghton,425-827-1337,https://www.apartments.com/monterey-at-lake-view-drive-kirkland-wa/zejrkdy/,2495,3195,conflicting,Unknown,No,Unknown,Carport/garage plus reserved uncovered,Unknown,1BR / 2BR,Yes,Call to confirm,14,No,https://www.apartments.com/monterey-at-lake-view-drive-kirkland-wa/zejrkdy/,Small 60-unit 1968 property IN the target South Kirkland zone. 3 stories built 1968 - elevator UNLIKELY - ask for ground floor. Small independent landlords are often most willing to do a handshake month-to-month - worth a call
,Overlook at Lakemont,apartment,locations/apartment/Overlook_at_Lakemont.mdx,5305 Lakemont Blvd SE,Bellevue,Lakemont / Cougar Mountain,425-786-0362,https://www.overlook-apts.com/,1985,3199,published,Short-term available,Partial,No,Unknown,Yes,1BR / 2BR / 3BR,Yes,22 units available,25,Partial,https://www.apartments.com/overlook-at-lakemont-bellevue-wa/1g9e205/,Advertises short-term leases AND hosts Churchill Living furnished corporate units on site - two independent paths. But ~25 min to Redmond - the farthest Bellevue option and hilly terrain
,Palisades,apartment,locations/apartment/Palisades.mdx,13808 NE 12th St,Bellevue,Crossroads / Bel-Red,425-589-0607,https://www.forrent.com/wa/bellevue/palisades/fqd0yfs,1957,2469,published,Unknown,No,No,Unknown,Yes,1BR / 2BR,Yes,4 units available,13,Unknown,https://www.apartments.com/palisades-bellevue-wa/vqd0sfe/,Advertises flexible lease terms and pricing to fit your needs - a genuine flexibility hint but no published range. One of the lowest 1BR entry prices in East Bellevue. Only 4 units. Everything requires a call
,Pleasant Bay,apartment,locations/apartment/Pleasant_Bay.mdx,6754 Lake Washington Blvd NE,Kirkland,Houghton / Yarrow Bay,206-504-3520,https://www.apartmentlist.com/wa/kirkland/pleasant-bay,2788,3554,published,6 months,No,Unknown,Carport and guest,Yes,1BR / 2BR,Yes,4 units (3 one-bed),15,Unknown,https://www.apartmentlist.com/wa/kirkland/pleasant-bay,Poor fit - 6-month floor AND base rent already near the 3300 ceiling before premium utilities or furniture. Accepts Section 8. Income only 2.5x
,Reflections by Windsor,apartment,locations/apartment/Reflections_by_Windsor.mdx,6332 E Lake Sammamish Pkwy NE,Redmond,Marymoor / SE Redmond,425-217-5185,https://www.windsorcommunities.com/properties/reflections-by-windsor/,2188,4078,published,12 months,No,No,Yes covered,Yes,1BR / 2BR / 3BR,Yes,Now - Aug 28 2026,0,Unknown,https://www.rentcafe.com/apartments/wa/redmond/reflections-by-windsor/default.aspx,12-month only - weak fit. Listed ONLY because of a CORT furniture partnership (48h delivery) and a low 300 deposit. Cat 500+50/mo dog 400+30/mo
,Surrey Downs,apartment,locations/apartment/Surrey_Downs.mdx,13035 SE 26th St,Bellevue,Surrey Downs / Wilburton,425-644-9878,https://home.securityproperties.com/surreydowns/,2370,2370,published,Short-term reported in reviews,No,No,Unknown,Yes (2 max 35/mo each),1BR / 2BR,Yes,Call to confirm,18,Unknown,https://www.apartments.com/surrey-downs-apartments-bellevue-wa/s53ky74/,Resident reviews describe corporate rentals and a lot of short term leases - but that is secondhand not from the property. Full-size washer dryer. Verify before relying on it
,The 101,apartment,locations/apartment/The_101_Kirkland.mdx,11 Main St S,Kirkland,Moss Bay / Downtown Kirkland,206-488-0094,https://www.the101kirkland.com/,2428,5798,published,12 months direct - BUT Blueground runs 30-night units here,No (Blueground units are),Unknown,Included,Yes,Studio / 1BR / 2BR,Yes,11 units,15,Yes,https://www.apartmentlist.com/wa/kirkland/the-101--1,66-unit boutique with accessible units. Direct lease is 12-15mo only - FAILS. But Blueground offers furnished 30-night-minimum units in this exact building - studio avail Jul 25 1BR Jul 30 and Aug 8
,The Carillon Apartments,apartment,locations/apartment/The_Carillon_Apartments.mdx,5604 Lakeview Dr,Kirkland,Lakeview / South Kirkland (Carillon Point),425-406-3722,https://www.bozzuto.com/apartments-for-rent/wa/kirkland/the-carillon-apartments,2209,5497,published,Variable - inquire with staff,No,No,Garage and carport,Yes (dogs 70lb),1BR / 2BR / 3BR,Yes,0 units listed as of Jul 2026,14,Unknown,https://www.apartmentlist.com/wa/kirkland/the-carillon-apartment-residences,Listing says lease terms are variable - please inquire - an explicit invitation to negotiate. But ZERO units available. Base rent excludes amenity fee and utilities. Reviews criticize management (2.0/5)
,The Pine,apartment,locations/apartment/The_Pine.mdx,10930 116th Ave NE,Kirkland,South Rose Hill,425-600-5296,https://www.rentcafe.com/apartments/wa/kirkland/the-pine/default.aspx,2099,3799,published,Unknown,No,Unknown,Yes garage options,Yes,Studio / 1BR / 2BR / 3BR,Yes,7 units,10,Unknown,https://www.apartmentlist.com/wa/kirkland/the-pine,Second-closest to Redmond (~10 min). The ONLY property inside Kirkland proper on RentCafe short-term list. Cheap base rent (1BR from 2099) leaves headroom. Lease length unpublished. Income 3x
,The Preserve at Forbes Creek,apartment,locations/apartment/The_Preserve_at_Forbes_Creek.mdx,11110 Forbes Creek Dr,Kirkland,Forbes Creek,425-332-7512,https://www.apartmentlist.com/wa/kirkland/the-preserve-at-forbes-creek,1950,3450,published,5 months,No,Unknown,Carport,Yes,1BR / 2BR / 3BR,Yes,"40 units, immediate move-ins",16,Unknown,https://www.apartmentlist.com/wa/kirkland/the-preserve-at-forbes-creek,Cheapest Kirkland 1BR at 1950 with up to 10 WEEKS free - the concession nearly offsets the unwanted extra months. 5-12 month terms. Income 3x rent
,The Regent at Bellevue Way,apartment,locations/apartment/The_Regent_at_Bellevue_Way.mdx,10600 NE 29th St,Bellevue,North Bellevue,833-291-1276,https://www.theregentatbellevueway.com/,2325,2490,published,6 months (short-term options offered),No,No,Surface plus EV,Yes,1BR / 2BR townhome / 3BR,Yes,Call to confirm,14,Partial,https://www.rentcafe.com/apartments/wa/bellevue/regent-at-bellevue-way0/default.aspx,6-14 month leases PLUS named short-term options. ABODA and CorporateHousing.com stock 8 furnished units in this building - that channel is likely over budget. Pool spa sauna. 1973 construction
,The Ridge at Bellevue,apartment,locations/apartment/The_Ridge_at_Bellevue.mdx,13831 NE 8th St,Bellevue,Crossroads,833-623-6015,https://www.theridgeatbellevue.com/,1500,1950,published,Unknown - RentCafe notes no month-to-month mentioned,No,No,Covered / carport,Yes (dogs 50lb max),Studio / 1BR / 2BR,Yes,7 units available,12,Yes,https://www.rentcafe.com/apartments/wa/bellevue/easton-court-apt/default.aspx,CHEAPEST studio in the preferred area at 1500. Has an ELEVATOR and controlled access. Listing says prices may vary depending on lease length. App fee 60. Office closed Sun and Mon
,Triangle,apartment,locations/apartment/Triangle.mdx,16450 Redmond Way,Redmond,Downtown Redmond,425-651-6764,https://www.apartmentlist.com/wa/redmond/triangle,2482,3815,published,6 months,No,Unknown,Yes,Yes,1BR / 2BR,Yes,Now,0,Unknown,https://www.apartmentlist.com/wa/redmond/triangle,6-14 month terms. Minimum 6 months is triple the need. Income 2.5x rent. Weak fit
,Uptown at Kirkland Urban,apartment,locations/apartment/Uptown_at_Kirkland_Urban.mdx,550 Uptown Ct,Kirkland,Central Houghton / Downtown Kirkland,425-484-7847,https://www.uptownkirkland.com/,2407,3250,published,12 months,No,Unknown,Underground garage,Yes,Studio / 1BR / 2BR,Yes,8 units Jul-Sep,13,Unknown,https://www.apartmentlist.com/wa/kirkland/uptown-at-kirkland-urban--1,Weidner-managed. Elevator mid-rise walkable to Kirkland Urban and a QFC - strong senior livability. Income 3x rent (7221/mo for a studio) is a real barrier - ask about asset-based qualification. 800 off move-in-ready
,Vue 22 Apartments,apartment,locations/apartment/Vue_22_Apartments.mdx,2170 Bel-Red Rd,Bellevue,Bel-Red,425-448-8770,https://www.vue22apts.com/,1989,2680,published,Unknown - corporate housing offered,Partial,Partial,"Garage, price varies",Yes,Studio / 1BR / 2BR,Yes,24 units available,10,Partial,https://www.rentcafe.com/apartments/wa/bellevue/vue-22-apartments/default.aspx,CLOSEST Bellevue building to Redmond (~10 min). Newest and best amenitized - concierge rooftop deck pet spa. Site references corporate housing. 4 weeks free. App fee 50. Term unconfirmed
,Vue at Kirkland,apartment,locations/apartment/Vue_at_Kirkland.mdx,11733 NE 131st Pl,Kirkland,Totem Lake,425-961-9031,https://www.apartmentlist.com/wa/kirkland/vue-at-kirkland--1,1662,2138,published,6 months,No,Unknown,Garage,Yes,Studio / 1BR / 2BR,Yes,14 units through Aug 11,16,Unknown,https://www.apartmentlist.com/wa/kirkland/vue-at-kirkland--1,CHEAPEST confirmed short-term option in Kirkland (studio 1662). Income requirement only 2x rent - the most forgiving found and a real plus for a retiree. 4 weeks free. FLAG - Totem Lake is north not south
,Westwater,apartment,locations/apartment/Westwater.mdx,221 1st St,Kirkland,Moss Bay / Downtown Kirkland,425-287-5623,https://www.apartmentlist.com/wa/kirkland/westwater--1,2450,4050,published,6 months,No,Unknown,Controlled-access garage,Yes,Studio+Den / 1BR+Den / 2BR,Yes,Studio now; 1BR Aug 8,15,Yes,https://www.apartmentlist.com/wa/kirkland/westwater--1,Explicitly lists ACCESSIBLE UNITS. Walkable downtown Kirkland. 6-15 month terms - under 12 months incurs extra fees. Only 2 units. Income 2.5x
,Windsor Juanita Bay,apartment,locations/apartment/Windsor_Juanita_Bay.mdx,11105 NE 123rd Ln,Kirkland,Juanita,425-546-0618,https://www.apartmentlist.com/wa/kirkland/windsor-juanita-bay,2210,3235,published,12 months,No,No,Yes,Yes,1BR / 2BR / 3BR,Yes,10 units Jul 29 - Sep 15,18,Unknown,https://www.apartmentlist.com/wa/kirkland/windsor-juanita-bay,ApartmentList short-term roundup describes variable lease lengths but the property page shows 12mo. Utilities explicitly NOT included. FLAG distance. Low priority
,Blueground (Bellevue inventory),blueground,locations/blueground/Blueground_Bellevue.mdx,Main Street Flats 10555/10595 Main St and 65 107th Ave SE; Avalon Towers 10351 NE 10th St; Avalon Bellevue 11000 NE 10th St; Alley 111 11011 NE 9th St,Bellevue,West Bellevue / Northwest Bellevue / Wilburton,1-917-259-1222,https://www.theblueground.com/m/furnished-apartments/bellevue-wa-usa,3500,5500,estimate,30 days,Yes,Yes,Extra fee,Partial,Studio / 1BR / 2BR / 3BR,Yes,176 Bellevue units; avail from Jul 20 2026,13,Partial,https://www.theblueground.com/m/furnished-apartments/bellevue-wa-usa,176 units. Avalon Bellevue is the only one CONFIRMED with elevator concierge and secured garage - the concierge is a real plus for a senior. A third party quoted 1BR at ~4734-4787/mo. Estimated - get a real quote
,Blueground (Kirkland inventory),blueground,locations/blueground/Blueground_Kirkland.mdx,The 101 - 11 Main St S,Kirkland,Moss Bay / North Rose Hill / Totem Lake,1-917-259-1222,https://www.theblueground.com/m/furnished-apartments/kirkland-wa-usa,3000,4790,estimate,30 days,Yes,Yes,Extra fee,Partial,Studio / 1BR / 2BR,Yes,Studio Jul 25; 1BR Jul 30 and Aug 8,15,Unknown,https://www.theblueground.com/m/furnished-apartments/kirkland-wa-usa,Thinner than Redmond/Bellevue - mostly The 101 in Moss Bay. JADE Residences unavailable until Jan 2027. A 2BR was quoted 4790/mo as the LOWEST 12-month price - the studio is the budget shot
,Aplus Housing (Aplus Corporate Housing),corporate_housing,locations/corporate_housing/Aplus_Housing.mdx,,"Seattle, Bellevue, Kirkland, Redmond, Bothell",Eastside,,https://aplusnw.com/,5550,9750,estimate,30 days,Yes,Yes,Varies,Yes,Studio / 1BR / condo / house,Yes,Call for current inventory,0,Unknown,https://aplusnw.com/,Strongest LOCAL fit on paper (since 1998) serving exactly our geography and 30+ days only. But posted nightly rates are 185 Bellevue and 325 Kirkland = 5550-9750/mo. 68-195% over budget. NO phone published - intake form only
,Blu Corporate Housing,corporate_housing,locations/corporate_housing/Blu_Corporate_Housing.mdx,,Bellevue,Downtown / West Bellevue,720-833-5333,https://www.blucorporatehousing.com/bellevue-wa,3000,4500,published,30 days,Yes,Yes,Yes covered,Unknown,Studio / 1BR / 2BR,Yes,Live inventory on site,12,Unknown,https://www.blucorporatehousing.com/bellevue-wa,Only corporate provider publishing budget BANDS - lowest is 3000-3499 which straddles our ceiling. Pay Monthly option available. Now a Blueground company (was Travelers Haven). 720 area code = Denver
,CORT Furniture Rental,corporate_housing,locations/corporate_housing/CORT_Furniture_Rental.mdx,2118 148th Ave NE,Redmond,Overlake Plaza,425-242-5435,https://www.cort.com/furniture-rental,240,295,published,Varies (240-295 is the 12-mo rate),Yes,No,N/A,N/A,1BR furniture package,N/A,"In stock, local delivery",0,Unknown,https://www.cort.com/how-much-does-it-cost-to-rent-furniture,THE UNBUNDLING PLAY - an unfurnished apartment + CORT beats any furnished corporate unit (which charge a 1500-2500/mo furnished premium). 240-295 is the 12-MONTH floor - a 1-2 month rental prices HIGHER. Showroom is IN Redmond. Call LAST after a unit is secured
,Express Corporate Housing,corporate_housing,locations/corporate_housing/Express_Corporate_Housing.mdx,110 Vintage Park Blvd STE 250 Houston TX (HQ),"Redmond, Bellevue, Seattle, Everett, Tacoma",Eastside,888-899-7829,https://www.expresscorporatehousing.com/locations/us/washington/seattle/,,,unknown,1 month,Yes,Yes,Yes,Partial,1BR / 2BR,Yes,Quote-based,0,Unknown,https://www.expresscorporatehousing.com/locations/us/washington/seattle/,BROKER MODEL with no Seattle office - a Houston firm that sources from local suppliers and marks it up. If they find a Redmond unit it likely came from a local provider you could call directly for less. Alt phone 281-894-0600
,National Corporate Housing,corporate_housing,locations/corporate_housing/National_Corporate_Housing.mdx,8400 E Crescent Pkwy #300 (HQ Greenwood Village CO),"Bellevue, Redmond, Kirkland/Totem Lake, Seattle, Renton",Eastside,,https://www.nationalcorporatehousing.com/,,,unknown,30 days,Yes,Yes,Unknown,Unknown,Studio / 1BR / 2BR,Yes,Quote-based,0,Unknown,https://www.nationalcorporatehousing.com/furnished-housing/corporate-housing/north-america/united-states-of-america/washington/seattle,National firm with local Seattle staff. Explicitly markets Bellevue/Redmond/Kirkland. No pricing no minimum stay no local phone - Contact Us form only. Built for employer-paid relocation accounts - an individual retiree is their least attractive customer. Expect 4500+
,Preferred Corporate Housing (corporates.com),corporate_housing,locations/corporate_housing/Preferred_Corporate_Housing.mdx,,Bellevue,"14+ neighborhoods incl Eastgate, Somerset",800-960-0102,https://www.corporates.com/corporate-housing/WA/Bellevue.php,,,unknown,30 days,Yes,Yes (electric gas water),Add-on NOT included,Partial,Studio / 1BR / 2BR,Yes,Quote-based,12,Unknown,https://www.corporates.com/corporate-housing/WA/Bellevue.php,Covers EASTGATE and SOMERSET - East Bellevue - which most providers treat as an afterthought behind Downtown. One bundled bill. WARNING - parking and housekeeping are optional ADD-ONS not included. No published rates
,Travelers Haven / Blu Corporate Housing,corporate_housing,locations/corporate_housing/Travelers_Haven.mdx,,Bellevue,Serves Seattle metro,866-601-1301,https://www.travelershaven.com/corporate-housing-seattle/,,,unknown,30 days,Yes,Yes,Unknown,Unknown,1BR / 2BR corporate apts,Yes,Inventory sourced on request,12,Unknown,https://www.travelershaven.com/corporate-housing-seattle/,Acquired by BLUEGROUND Feb 2023 - now operates as Blu Corporate Housing. NOT a browsable marketplace - a sourcing BROKER. You call they consult they email curated options. Individuals line 866-601-1301. See the Blu page
,Aloft Seattle Redmond,hotel,locations/hotel/Aloft_Seattle_Redmond.mdx,15220 NE Shen St Ste 150,Redmond,Overlake Village,425-636-9922,https://www.marriott.com/en-us/hotels/seaad-aloft-seattle-redmond/overview/,8670,8670,estimate,None published,Yes,Yes,Unknown,Yes,Loft-style rooms,Yes,Call to confirm,0,Partial,https://www.kayak.com/Redmond-Hotels.22196.hotel.ksp,NO kitchen at all. Shares a building with Element. Not a long-stay product. Listed for completeness
,Archer Hotel Redmond,hotel,locations/hotel/Archer_Hotel_Redmond.mdx,7200 164th Ave NE,Redmond,Redmond Town Center,425-658-3000,https://archerhotel.com/redmond/offer/long-stays,9930,9930,estimate,7+ nights for long-stay rate; 30+ call direct,Yes,Yes,"Garage, fee applies",Yes (dogs under 50lb),Rooms and residentially-styled suites,Yes,Call to confirm,0,Yes,https://archerhotel.com/redmond/offer/long-stays,The ONLY Redmond hotel with a published long-stay PAGE. But ~3x budget and the kitchen is a wet bar - mini fridge microwave no stove. Luxury boutique. Skip unless budget changes
,Baymont by Wyndham Seattle/Kirkland,hotel,locations/hotel/Baymont_Seattle_Kirkland.mdx,12223 NE 116th St,Kirkland,North Kirkland,425-822-2300,https://www.wyndhamhotels.com/baymont/kirkland-washington/baymont-inn-and-suites-seattle-kirkland-wa/overview,2640,3300,estimate,Unknown,Yes,Yes,Free,Unknown,Rooms and suites with micro+fridge,Yes,Call to confirm,15,Partial,https://www.yelp.com/biz/baymont-by-wyndham-seattle-kirkland-wa-kirkland,Free breakfast seasonal heated pool guest laundry. Weekly rates referenced but never published. Pet policy NOT confirmed - ask. Realistically a peer of La Quinta with a worse location - fallback only
,Element Seattle Redmond,hotel,locations/hotel/Element_Seattle_Redmond.mdx,15220 NE Shen St Ste 100,Redmond,Overlake Village,425-636-9942,https://www.marriott.com/en-us/hotels/seare-element-seattle-redmond/overview/,8550,8550,estimate,None published,Yes,Yes,Unknown,Yes,Studio / 1BR suites with full kitchen,Yes,Call sales manager,0,Yes,https://www.kayak.com/Redmond-Hotels.22196.hotel.ksp,Marriott dedicated extended-stay brand. Rack rate is triple budget but extended rates are unpublished. Steps from Overlake Village light rail - real senior value if driving becomes undesirable. Free hot breakfast
,Extended Stay America Suites Seattle - Bothell - Canyon Park,hotel,locations/hotel/Extended_Stay_America_Bothell_Canyon_Park.mdx,22122 17th Ave SE,Bothell,Canyon Park,425-482-2900,https://www.extendedstayamerica.com/hotels/wa/seattle/bothell-canyon-park,2430,3600,estimate,7 nights for discount,Yes,Yes,Free,Yes,123 studio suites with full kitchen and cookware,Yes,Call to confirm,25,Partial,https://beginatbothell.com/stay/extended-stay-america-canyon-park/,Cheap true-kitchen option but ~25 min to Redmond - OUTSIDE the 20-min target. Listed so the map is complete
,Extended Stay America Suites Seattle - Bothell - West,hotel,locations/hotel/Extended_Stay_America_Bothell_West.mdx,923 228th St SE,Bothell,West Bothell,800-804-3724,https://www.extendedstayamerica.com/hotels/wa/seattle/bothell-west,2430,3600,estimate,7 nights for discount,Yes,Yes,Free,Yes,101 rooms with full kitchen,Yes,Call to confirm,28,Partial,https://www.yelp.com/biz/extended-stay-america-seattle-bothell-west-bothell,Farthest ESA at ~28 min - OUTSIDE the target. Listed for completeness only
,Hampton Inn & Suites Seattle/Redmond,hotel,locations/hotel/Hampton_Inn_Suites_Seattle_Redmond.mdx,17770 NE 78th Pl,Redmond,East Redmond,425-553-1200,https://www.hilton.com/en/hotels/searehx-hampton-suites-seattle-redmond/,7020,7020,estimate,None published,Yes,Yes,Unknown,Unknown,Rooms and suites,Yes,Call to confirm,0,Partial,https://www.kayak.com/Redmond-Hotels.22196.hotel.ksp,Not an extended-stay product. Micro and mini fridge only. Free hot breakfast. Listed for completeness - recommend against
,Hampton Inn & Suites Seattle/Woodinville,hotel,locations/hotel/Hampton_Inn_Suites_Woodinville.mdx,19211 Woodinville Snohomish Rd NE,Woodinville,Woodinville,425-788-9247,https://www.hilton.com/en/hotels/seawohx-hampton-suites-seattle-woodinville-wa/,2700,3900,estimate,Unknown,Yes,Yes,Free,Unknown,Rooms and suites - select rooms have kitchenette,Yes,Call to confirm,19,Partial,https://www.tripadvisor.com/Hotel_Review-g58835-d11880266-Reviews-Hampton_Inn_Suites_Seattle_Woodinville_WA-Woodinville_Washington.html,Kitchenette only in SELECT rooms - must be confirmed in writing on the reservation. Woodinville is a wine-tourism town so weekend rates spike and 30-60 day continuous booking is harder. Distant fallback
,Hilton Garden Inn Redmond Seattle,hotel,locations/hotel/Hilton_Garden_Inn_Redmond.mdx,16630 Redmond Way,Redmond,Downtown Redmond,425-448-7660,https://www.hilton.com/en/hotels/lkegigi-hilton-garden-inn-redmond-seattle/,8340,8340,estimate,None published,Yes,Yes,Unknown,Unknown,Rooms and suites,Yes,Call to confirm,0,Partial,https://www.kayak.com/Redmond-Hotels.22196.hotel.ksp,Micro and mini fridge only. Not an extended-stay brand. Far over budget. Listed for completeness
,Hyatt House Seattle/Bellevue,hotel,locations/hotel/Hyatt_House_Seattle_Bellevue.mdx,3244 139th Ave SE,Bellevue,Eastgate / Lake Hills,425-747-2705,https://www.hyatt.com/hyatt-house/en-US/seaxb-hyatt-house-seattle-bellevue,3630,5490,estimate,1 night; 30+ night rate by phone,Yes,Yes,"Free self-parking, covered and open",Yes,Studio kitchen suite (no oven) / 1BR / 2BR,Yes,Call sales manager,12,Partial,https://www.kayak.com/Bellevue-Hotels-Hyatt-House-Bellevue.186902.ksp,Over budget at rack rate but Hyatt House runs a formal extended-stay program never visible online. ASK FOR THE SALES MANAGER not the front desk. Free hot breakfast. Covered parking. Pet 100-200/stay
,Hyatt House Seattle/Redmond,hotel,locations/hotel/Hyatt_House_Seattle_Redmond.mdx,15785 Bear Creek Pkwy NE,Redmond,Downtown Redmond,425-497-2000,https://www.hyatt.com/hyatt-house/en-US/seaxr-hyatt-house-seattle-redmond,7470,7470,estimate,None published; 31+ nights triggers a fee at hotel discretion,Yes,Yes,Covered parking,Yes,Studio / 1BR suite with full kitchen,Yes,Call sales manager,0,Yes,https://www.kayak.com/Redmond-Hotels-Hyatt-House-Redmond.300105.ksp,Estimated from 249/night rack rate - triple budget. But it is a true extended-stay brand and sales depts quote 30+ night rates at a fraction. Walkable downtown Redmond. Ask for Director of Sales
,Motel 6 Seattle North Kirkland,hotel,locations/hotel/Motel_6_North_Kirkland.mdx,12010 120th Pl NE,Kirkland,Totem Lake,425-821-5618,https://www.motel6.com,1800,2400,estimate,Unknown,Partial,Yes,Free,Yes,Basic rooms - micro/fridge varies,Yes,Call to confirm,17,No,https://www.allstays.com/us-washington-hotels/kirkland-hotels.htm,CHEAPEST option found (~1000 under budget) but budget-motel quality with mixed-to-poor reviews. No kitchen. For a senior on a 60-day stay the savings buy a materially worse daily experience. Only if budget tightens
,Quality Inn Kirkland (formerly Comfort Inn),hotel,locations/hotel/Quality_Inn_Kirkland.mdx,12204 NE 124th St,Kirkland,Totem Lake,425-380-8495,https://www.choicehotels.com/washington/kirkland/comfort-inn-hotels/wa160,2580,3300,estimate,Unknown,Yes,Yes,Free,Unknown,Two-room suites with kitchenette; rooms with micro+fridge,Yes,Call to confirm,16,Partial,https://www.tripadvisor.com/Hotel_Review-g58541-d100451-Reviews-Comfort_Inn_Kirkland-Kirkland_Washington.html,Listed by Choice as extended stay. One of only two Kirkland properties with any real kitchen. Across from Village at Totem Lake - groceries and pharmacy walkable. Ask for the SUITE rate not the room rate
,Redmond Inn,hotel,locations/hotel/Redmond_Inn.mdx,17601 Redmond Way,Redmond,East Redmond,425-883-4900,https://www.redmondinn.com/,2070,5070,estimate,2 nights for 15% off; 3+ for 20% off,Yes,Yes,Free parking,Unknown,Standard rooms with microwave and mini fridge,Yes,Call to confirm,0,Partial,https://www.kayak.com/Redmond-Hotels-Redmond-Inn.25024.ksp,Likely the cheapest roof in Redmond proper. NO FULL KITCHEN - micro and mini fridge only which pushes a senior toward restaurant meals over 60 days. INDEPENDENT so the owner can negotiate on the spot - highest-leverage single call
,Residence Inn Seattle Bellevue,hotel,locations/hotel/Residence_Inn_Seattle_Bellevue.mdx,14455 NE 29th Pl,Bellevue,Overlake / Bel-Red,425-882-1222,https://www.marriott.com/en-us/hotels/bvuwa-residence-inn-seattle-bellevue/overview/,3960,4170,estimate,1 night; long-stay rates by phone,Yes,Yes,Free parking,Yes,Studio / 1BR / 2BR suites with full kitchen,Yes,Call for long-stay quote,8,Partial,https://www.marriott.com/en-us/hotels/bvuwa-residence-inn-seattle-bellevue/overview/,CLOSEST hotel to Redmond (~8 min). Over budget at rack but Marriott 30+ night rates discount 20-30% which could reach ~2900-3200. Free hot breakfast PLUS free Mon-Thu evening reception with light dinner
,Residence Inn Seattle Bellevue/Downtown,hotel,locations/hotel/Residence_Inn_Seattle_Bellevue_Downtown.mdx,605 114th Ave SE,Bellevue,Downtown / Wilburton,425-637-8500,https://www.marriott.com/en-us/hotels/bvuri-residence-inn-seattle-bellevue-downtown/overview/,4050,6930,estimate,1 night; long-stay by phone,Yes,Yes,"On-site, confirm cost",Yes,Studio / 1BR / 2BR suites with full kitchen,Yes,Call for long-stay quote,20,Partial,https://www.kayak.com/Bellevue-Hotels-Residence-Inn-by-Marriott-Seattle-Bellevue-Downtown.189810.ksp,Newest and nicest of the Marriott pair with an indoor pool. Clearly over budget and least likely to close the gap. Downtown parking likely a paid add-on. Do not prioritize
,Residence Inn Seattle East/Redmond,hotel,locations/hotel/Residence_Inn_Seattle_East_Redmond.mdx,7575 164th Ave NE,Redmond,Redmond Town Center,425-497-9226,https://www.marriott.com/en-us/hotels/seard-residence-inn-seattle-east-redmond/overview/,4410,8850,estimate,None published,Yes,Yes,Unknown,Yes,Studio / 1BR / 2BR suites with full kitchen,Yes,Call for long-stay quote,0,Yes,https://www.yelp.com/biz/residence-inn-seattle-east-redmond-redmond-2,Best product IN Redmond - Town Center location walkable to shopping. Likely over budget - high Microsoft corporate demand props up rates. Ask for the extended-stay sales manager. Retry in shoulder season
,Residence Inn Seattle Northeast/Bothell,hotel,locations/hotel/Residence_Inn_Bothell.mdx,11920 NE 195th St,Bothell,Bothell / near Woodinville,425-485-3030,https://www.marriott.com/en-us/hotels/seabo-residence-inn-seattle-northeast-bothell/overview/,2700,4200,estimate,Unknown,Yes,Yes,Unknown,Yes,All-suite with full kitchen incl dishwasher oven stovetop,Yes,Call for long-stay quote,19,Yes,https://www.yelp.com/biz/residence-inn-seattle-northeast-bothell-bothell,MOST COMPLETE KITCHEN of any option. Newly renovated. 8.6 rating - among the highest. Bothell prices below Redmond so this is the plausible Residence Inn. Just inside the 20-min rule. Free hot breakfast
,Seattle Marriott Redmond,hotel,locations/hotel/Seattle_Marriott_Redmond.mdx,7401 164th Ave NE,Redmond,Redmond Town Center,425-498-4000,https://www.marriott.com/en-us/hotels/seamr-seattle-marriott-redmond/overview/,9270,9270,estimate,None published,Yes,Yes,Unknown,Unknown,Rooms and suites,Yes,Call to confirm,0,Partial,https://www.kayak.com/Redmond-Hotels.22196.hotel.ksp,Full-service hotel with no kitchens. Far over budget. Not an extended-stay product. Listed for completeness
,The Heathman Hotel Kirkland,hotel,locations/hotel/The_Heathman_Hotel_Kirkland.mdx,220 Kirkland Ave,Kirkland,Downtown Kirkland (Moss Bay),425-284-5800,https://heathmankirkland.com/,6000,9000,estimate,Unknown,Yes,Yes,Unknown,Unknown,Boutique rooms and suites - no full kitchen,Yes,Call to confirm,15,Partial,https://heathmankirkland.com/,Boutique luxury - far over budget for a month. Listed for completeness
,The Woodmark Hotel,hotel,locations/hotel/The_Woodmark_Hotel.mdx,1200 Carillon Point,Kirkland,Yarrow Bay / Carillon Point,425-822-3700,https://www.thewoodmark.com/,9000,15000,estimate,Unknown,Yes,Yes,Unknown,Yes,Luxury lakefront rooms and suites,Yes,Call to confirm,14,Partial,https://www.allstays.com/us-washington-hotels/kirkland-hotels.htm,The single best LOCATION match in the whole search - lakefront Carillon Point in exactly the South Kirkland target. And multiples over budget. Listed for completeness only
,Anyplace,platform,locations/platform/Anyplace.mdx,,Not in Seattle,Not in Seattle,,https://anyplace.com/corporate-housing/united-states/seattle,,,unknown,,,,,,,,Seattle is WAITLIST ONLY,,Unknown,https://anyplace.com/corporate-housing/united-states/seattle,DOES NOT SERVE SEATTLE - verified live. Only NYC SF LA and Tokyo. The Seattle URL is a waitlist signup not live inventory
,AvenueWest,platform,locations/platform/AvenueWest.mdx,,Seattle,Seattle only,,https://avenuewest.com/furnished-rentals/,,,unknown,30 days,Yes,Yes,Unknown,Unknown,1BR / 2BR condos,Yes,~1 Seattle property - no Eastside franchise,30,Unknown,https://avenuewest.com/furnished-rentals/,SKIP. Bellevue appears only as an SEO location page - there is no active Washington franchise serving the Eastside. The month-to-month + all-utilities structure would be ideal but the product does not exist where Tom needs it
,CorporateHousing.com,platform,locations/platform/CorporateHousing_com.mdx,,Redmond / Bellevue,Citywide,888-539-1150,https://www.corporatehousing.com/wa/redmond,3000,6000,estimate,30 days,Yes,Yes,Unknown,Partial,Studio / 1BR / 2BR corporate apts,Yes,Redmond 73 furnished; Bellevue 661,0,Unknown,https://www.corporatehousing.com/wa/redmond,CoStar-owned (sibling of Apartments.com). ALL private units - zero roommate risk. Listing counts are inflated by unit-level duplicates. Prices hidden behind an inquiry form. Expect upsell to 3+ month terms
,HomeRoom,platform,locations/platform/HomeRoom.mdx,,Not in WA,Not in WA,,https://livehomeroom.com/rent-your-room,,,unknown,Varies,Yes,Yes,Unknown,Unknown,Private room in shared house,NO,No Seattle-area market,,No,https://coliving.com/company/homeroom,DISQUALIFIED TWICE - it is roommate COLIVING (private bedroom in a shared house) AND it has no Pacific Northwest market. Documented to rule out the whole coliving category (PadSplit Diggz SpareRoom Tripalink Bungalow) - their cheap pricing IS the shared living we are avoiding
,Kasa - The Bellevue Seattle,platform,locations/platform/Kasa_Living.mdx,900 108th Ave NE,Bellevue,Downtown Bellevue,Text/chat only via help.kasa.com,https://kasa.com/properties/kasa-bellevue-seattle,3038,5554,estimate,Nightly - 25% off at 30+ nights,Yes,Yes,1 reserved compact space incl; extras 15/night,Yes 8-30/night,2BR only,Yes,Bookable now,15,Partial,https://kasa.com/properties/kasa-bellevue-seattle,Kasa's ONLY Eastside unit. Acquired Mint House Jan 2026 - now largest US apartment-hotel manager. Est from 135-247/night less 25%. Only the BOTTOM of that range clears 3300 and summer is peak. NO PHONE - text/chat only which is poor for a senior
,Landing (platform),platform,locations/platform/Landing.mdx,,Redmond / Kirkland / Bellevue,Filed under Seattle metro - NOT a Redmond market,415-231-1701,https://www.hellolanding.com,1767,3223,published,30 days,Yes,Yes,Yes,Yes,1BR / 2BR,Yes,Volatile - unit URLs 404 within days,0,Partial,https://www.hellolanding.com/locations,ONLY assigned platform with genuine Redmond inventory and it FITS BUDGET. But hellolanding.com/s/redmond-wa 404s - Redmond is filed under Seattle metro so you must search Seattle/Bellevue and filter. $199/YEAR membership. No deposit no app fee. CALL 415-231-1701 - do not rely on the site
,Landing - Chelsea Square Apartments,platform,locations/platform/Landing_Chelsea_Square.mdx,16340 NE 83rd St,Redmond,Downtown Redmond,425-284-9132,https://www.equityapartments.com/seattle/downtown-redmond/chelsea-square-apartments,1839,3106,published,30 days,Yes,Yes,Partial - extra fee,Yes,1BR / 2BR,Yes,Landing unit URL now 404s,0,Yes,https://www.equityapartments.com/seattle/downtown-redmond/chelsea-square-apartments,Equity Residential property that Landing stocks. Landing had a 2BR 1100sqft. Parking is an extra fee. Unit URL went dead during research - inventory churns fast
,Landing - The 101 (Kirkland),platform,locations/platform/Landing_The_101.mdx,11 Main St S,Kirkland,Downtown Kirkland (Moss Bay),415-231-1701,https://www.hellolanding.com/homes/apartment-in-kirkland-wa-the-101-315,,,unknown,30 days,Yes,Yes,Yes covered,Yes,Studio / 1BR / 2BR,Yes,Unit URL 404s - churns fast,15,Yes,https://www.hellolanding.com/homes/apartment-in-kirkland-wa-the-101-315,WALK SCORE 96 - the most walkable option in the entire search which matters a lot for a senior. Studio 576sqft with AC in-unit laundry covered parking. Same building Blueground uses
,Landing Standby,platform,locations/platform/Landing_Standby.mdx,,Network-wide,Network-wide,415-231-1701,https://www.hellolanding.com/standby,1795,1795,published,30 days,Yes,Yes,NOT guaranteed,NO,Varies,Yes,Landing assigns the unit,,No,https://www.hellolanding.com/standby,DO NOT USE. Verified real but Landing PICKS the unit AND can BUMP YOU WITH 3 DAYS NOTICE. No pets. Parking not guaranteed. 640+ credit. 150 switch fee. Forcing a senior to relocate on 72h notice is disqualifying
,Mint House,platform,locations/platform/Mint_House.mdx,104 Pine St (former Seattle site - CLOSED),Seattle,Downtown Seattle,,https://minthouse.kasa.com/,,,unknown,,,,,,,,GONE - acquired by Kasa Jan 14 2026,25,Unknown,https://minthouse.kasa.com/,BRAND GONE. minthouse.com now 301-redirects to minthouse.kasa.com. The 9 transitioned properties are all outside WA. The former Seattle site is CLOSED and rebranded Reside Seattle a Wyndham Residence. NEVER had Eastside inventory
,Placemakr,platform,locations/platform/Placemakr.mdx,,Not in WA,Not in WA,,https://www.placemakr.com/locations,,,unknown,,,,,,,,ZERO Washington locations,,Unknown,https://www.placemakr.com/locations,DOES NOT SERVE THE EASTSIDE - verified live. Operates in only 10 cities (Atlanta Austin Huntsville Nashville NYC Phoenix Pittsburgh Salt Lake City San Antonio DC). A stale Nextdoor page hints at Seattle but it is not on the official list
,Sonder,platform,locations/platform/Sonder.mdx,,DEFUNCT,DEFUNCT,,https://www.sonder.com,,,unknown,,,,,,,,DEFUNCT - Chapter 7 liquidation Nov 10 2025,,No,https://investors.sonder.com/news-releases/news-release-details/sonder-holdings-inc-complete-immediate-wind-down-operations,DO NOT CONTACT. Immediate wind-down and Chapter 7 announced Nov 10 2025 after Marriott terminated its license Nov 9. GUESTS WERE LOCKED OUT MID-STAY and told to vacate within hours. Exactly the failure mode to protect a senior from
,Zeus Living,platform,locations/platform/Zeus_Living.mdx,,DEFUNCT,DEFUNCT,,,,,unknown,,,,,,,No,Shut down November 2023,,No,https://techcrunch.com/2023/11/08/proptech-startup-zeus-living-which-was-backed-by-airbnb-reportedly-shuts-down/,DEFUNCT - ceased operations Nov 2023 after raising 150M. Owners migrated to Blueground. Any Zeus listing still visible is stale and any site presenting itself as Zeus today should be treated as a SCAM SURFACE
,Apartment List,search_site,locations/search_site/Apartment_List.mdx,,Redmond / Bellevue / Kirkland,Eastside,,https://www.apartmentlist.com/wa/bellevue/c/short-term-apartments-for-rent,1350,22000,published,Quiz-based lease length preference,Some,Varies,Varies,Filterable,Apartments,Yes,116 short-term Bellevue claimed,0,Unknown,https://www.apartmentlist.com/wa/bellevue/c/short-term-apartments-for-rent,The month-to-month filter is NOT in the search UI - it lives in the onboarding quiz so you cannot build a shareable URL. Listings on the short-term page STILL show 12-13mo terms - the categorization looks like marketing not data
,Apartments.com,search_site,locations/search_site/Apartments_com.mdx,,Redmond / Bellevue / Kirkland,Eastside,,https://www.apartments.com/redmond-wa/short-term/,1800,4500,estimate,Short-term lease amenity filter,Mixed,Varies,Yes,Filterable,Apartments,Yes,2775 Bellevue rentals overall,0,Unknown,https://www.apartments.com/redmond-wa/short-term/,Largest managed-property database. The Short Term flag is set at the PROPERTY level (we sometimes do short terms) not per-unit. Short-term premium here runs 300-800/mo. Usually means 3-6 months not 1-2
,Craigslist (as a search surface),search_site,locations/search_site/Craigslist_search.mdx,,Redmond / Bellevue / Kirkland,Eastside,,https://seattle.craigslist.org/search/est/apa,1200,3500,published,No filter - keyword search,Some,Some,Varies,Filterable,Apartments / condos / houses,Use apa not roo,Hundreds Eastside,0,No,https://seattle.craigslist.org/search/est/apa,The est subarea is exactly our geography. No lease filter - search keywords month-to-month sublet short term furnished. Cheapest surface. Scam-heavy. Listings turn over in hours - needs daily scanning
,HotPads,search_site,locations/search_site/HotPads.mdx,,Redmond / Bellevue / Kirkland,Eastside,,https://hotpads.com/bellevue-wa/for-rent-by-owner,1350,5000,estimate,No month-to-month filter exists,Some,Varies,Varies,Filterable,Apartments / condos / houses / rooms,Use FRBO filter,"Bellevue 98 FRBO, 147 furnished",0,Unknown,https://hotpads.com/bellevue-wa/for-rent-by-owner,NO term filter - verified. Zillow-owned so inventory duplicates Zillow. The real value is the FRBO and Sublets filters - private landlords are the ones who will agree to 1-2 months. Avoid its Rooms section
,HouseStay,search_site,locations/search_site/HouseStay.mdx,,Redmond / Bellevue / Kirkland,Eastside,,https://www.housestay.com/rent/furnished-monthly-rentals-in-bellevue-wa/,2500,6000,estimate,30 days,Yes,Usually,Varies,Varies,Apartments / condos,Yes,Thin,0,Unknown,https://www.housestay.com/rent/furnished-monthly-rentals-in-redmond-wa/,Small furnished-monthly aggregator. No false positives - everything shown IS genuinely monthly which is refreshing. But Eastside inventory is thin - really a Seattle-proper site with suburban spillover. Worth 10 min not an hour
,PadMapper,search_site,locations/search_site/PadMapper.mdx,,Redmond / Bellevue / Kirkland,Eastside,,https://www.padmapper.com/apartments/redmond-wa/short-term,1650,5566,published,Short Term toggle,Many furnished,Some,Varies,Filterable,Studio-5BR,Yes,20 Redmond / 20 Bellevue,0,Unknown,https://www.padmapper.com/apartments/bellevue-wa/short-term,Zumper-owned - same inventory better map UI. Redmond 1BRs cluster 2010-2730 which is squarely in budget. Use PadMapper for geography Zumper for the list. Strictly a subset of Zumper
,Realtor.com,search_site,locations/search_site/Realtor_com.mdx,,Redmond,Eastside,,https://www.realtor.com/apartments/Redmond_WA,1800,4500,estimate,NONE,No,No,Filterable,Filterable,Apartments / condos / houses,Yes,MLS-fed,0,No,https://www.realtor.com/apartments/Redmond_WA,NO lease-term filter and the weakest rental inventory of the majors - most Eastside apartment stock never touches the MLS. Blocks automated fetch entirely. Thin edge - agent-listed condos from owners between sales
,Rent.com / ForRent.com / ApartmentGuide,search_site,locations/search_site/RentPath_Sites.mdx,,Redmond / Bellevue,Eastside,,https://www.rent.com/washington/redmond-apartments/furnished,1500,4500,estimate,Short-term lease filter,Some,Varies,Yes,Filterable,Apartments,Yes,~334 furnished Redmond,0,Unknown,https://www.forrent.com/find/WA/metro-Seattle/Bellevue/extras-Short+Term+Lease,ALL FOUR RentPath brands share ONE database - searching more than one is wasted effort. ForRent claims 977 Bellevue short-term which is INFLATED (counts buildings not units). Rent.com rate-limits hard
,RentCafe,search_site,locations/search_site/RentCafe.mdx,,Bellevue / Kirkland,Eastside,,https://www.rentcafe.com/apartments-for-rent/bellevue-wa/short-term/,2449,10329,published,Short-term flag,Some,Some,Yes,Filterable,Apartments,Yes,151 Bellevue,0,Unknown,https://www.rentcafe.com/apartments-for-rent/bellevue-wa/short-term/,Yardi-owned so it ONLY shows Yardi-managed buildings - a curated slice not the market. Note the FLOOR is 2449 so most of this site is at or above our ceiling once a premium applies. Move-in date filter is genuinely useful
,Trulia,search_site,locations/search_site/Trulia.mdx,,Redmond,Eastside,,https://www.trulia.com/for_rent/Redmond,1800,4000,estimate,NONE,No,No,Filterable,Filterable,Apartments / houses,Yes,Mirrors Zillow,0,No,https://www.trulia.com/for_rent/Redmond,SKIP. A Zillow-owned reskin with the same listings a worse rental UI and NO short-term or month-to-month filter of any kind. Strictly dominated by Zillow. Documented so nobody wastes time here
,Zillow,search_site,locations/search_site/Zillow.mdx,,Redmond / Bellevue / Kirkland,Eastside,,https://www.zillow.com/redmond-wa/short-term-apartments/,1964,3578,published,Month-to-month via keyword filter,Mixed,Varies,Varies,Filterable,Apartments / condos / houses,Yes (filter out rooms),16 rentals for 98052 month-lease,0,Unknown,https://www.zillow.com/redmond-wa-98052/rentals/month-lease_att/,Biggest FRBO pool BUT the _att filters are KEYWORD MATCHES against listing text not structured data - a listing saying no month-to-month still matches. Treat results as a call list. 403s bots
,Zumper,search_site,locations/search_site/Zumper.mdx,,Redmond / Bellevue / Kirkland,Eastside,,https://www.zumper.com/apartments-for-rent/redmond-wa/short-term,1650,6219,published,Short term filter under Lease Length,Many furnished,Some,Varies,Filterable,Studio-5BR,Yes,25 Redmond / 25 Bellevue / 25 Kirkland,0,Unknown,https://www.zumper.com/apartments-for-rent/bellevue-wa/short-term,BEST TRUE short-term filter of any mainstream site - a real structured field not a keyword hack. Fetches cleanly. Neighborhood sub-paths work (/bellevue-wa/bel-red/short-term). 25-result caps look like hard limits
,liv.rent,search_site,locations/search_site/liv_rent.mdx,,Redmond,Eastside,,https://liv.rent/rental-listings/city/redmond-wa/month-to-month,0,0,published,True month-to-month filter,No,No,Varies,Varies,Apartments,Yes,0 results Redmond,0,No,https://liv.rent/rental-listings/city/redmond-wa/month-to-month,SKIP. Has the BEST filter design found - a real dedicated month-to-month category with its own URL - and ZERO Washington inventory. Vancouver BC focused. A perfect filter over an empty database. Documented so nobody re-discovers the URL and gets excited
,MorningStar of Kirkland,senior_living,locations/senior_living/MorningStar_of_Kirkland.mdx,11729 NE 118th St,Kirkland,Totem Lake,425-979-5997,https://morningstarkirkland.com/,3750,5400,published,1 month,Yes,Yes,Unknown,Yes,Studio / 1BR / 2BR 475-979 sqft,Yes,152 apartments,16,Yes,https://www.apartments.com/morningstar-senior-living-of-kirkland-kirkland-wa/9smhs46/,Advertises Low Commitment month-to-month - a perfect TERM fit but the PRICE breaks budget at the floor. Second confirmed month-to-month senior option. Fallback if Merrill Gardens has no availability. FLAG distance
,Airbnb (monthly stays),short_term_rental,locations/short_term_rental/Airbnb.mdx,,Redmond / Bellevue / Kirkland,Eastside,,https://www.airbnb.com/redmond-wa/stays/monthly,3200,5100,estimate,28 nights,Yes,Yes,Varies,Partial,Studio / 1BR / ADU / house,Partial (MUST filter Entire place),Good year-round; July peak,0,Unknown,https://www.airroi.com/airbnb-data/united-states/washington/bellevue,BRYAN'S ASSUMPTION HOLDS. Median Bellevue entire-home 30-night all-in ~5090. Under 3300 ONLY in the bottom quartile (129/night + 30% monthly discount = ~3202 all-in). BOOK 30 NIGHTS NOT 28 - triggers the WA tax exemption
,Vrbo (monthly discount),short_term_rental,locations/short_term_rental/Vrbo.mdx,,Redmond / Bellevue / Kirkland,Eastside,877-202-4291,https://www.vrbo.com/en-ca/travel/monthly-discount,4000,6500,estimate,28 nights,Yes,Yes,Varies,Partial,House / condo / 1BR,Yes,Fewer Eastside units than Airbnb,0,Unknown,https://help.vrbo.com/articles/what-is-the-service-fee,WORSE THAN AIRBNB for this job. Vrbo's own page advertises only ~10% average monthly savings vs Airbnb's 19%. Inventory skews to whole houses - the small-unit segment that produces Airbnb's cheap outliers barely exists. Backstop only
,Craigslist Seattle - Eastside,sublet,locations/sublet/Craigslist_Eastside.mdx,,Redmond / Bellevue / Kirkland,Eastside,,https://seattle.craigslist.org/search/est/apa,1200,3500,published,Often negotiable direct with owner,Partial,Some,Varies,Varies,Whole units (apa) and rooms (roo - avoid),Partial,~17 live Eastside sublet posts; hundreds in apa,10,No,https://seattle.craigslist.org/search/est/sub,Highest-volume FREE channel and where private landlords who flex on term actually post. USE est/apa NOT est/roo. TWO ACTIVE SCAMS CONFIRMED during research - see the page. Free to post a wanted ad at /search/sbw
,Facebook Marketplace + Groups,sublet,locations/sublet/Facebook_Marketplace_and_Groups.mdx,,Redmond / Bellevue / Kirkland,Eastside,,https://www.facebook.com/marketplace/category/propertyrentals,1200,3500,estimate,Varies,Partial,Unknown,Unknown,Unknown,"Mix, room-heavy",Partial,Rolling,10,No,https://www.facebook.com/groups/577160885692636/,HIGHEST SCAM CHANNEL - reporting indicates >50% of room listings contain fraudulent info. The ONE bright spot is the Seattle Summer Intern Housing group - Redmond is Microsoft HQ and interns sublet whole units in Aug/Sept
,Leasebreak,sublet,locations/sublet/Leasebreak.mdx,,New York City,NYC / New Jersey ONLY,,https://www.leasebreak.com/,,,unknown,,,,,,Whole units,Yes,N/A - does not serve Seattle,,No,https://www.leasebreak.com/,SKIP. Covers the five boroughs of NYC and New Jersey ONLY. Zero Eastside inventory. Documented as a dead end
,LiveOhana,sublet,locations/sublet/LiveOhana.mdx,,Seattle,Metro,,https://liveohana.ai/sublet/seattle,1200,3000,estimate,1 month,Yes,Unknown,Unknown,Unknown,Mix,Partial,Rolling,20,No,https://liveohana.ai/sublet/seattle,Claims to be Seattle's largest sublet community with furnished month-to-month options. JS-rendered so listing counts whole-unit ratio and Eastside coverage are ALL UNVERIFIED. Worth 10 minutes - do not plan around it
,Nextdoor,sublet,locations/sublet/Nextdoor.mdx,,Redmond / Bellevue / Kirkland,Eastside,,https://nextdoor.com/,1800,2800,estimate,Varies,Partial,Unknown,Unknown,Unknown,"Mix, mostly ADUs and rooms",Partial,Rolling - low volume,5,Yes,https://nextdoor.com/,LOWEST SCAM RISK of any free channel - members are verified against a physical street address. Tiny volume. Best used to POST a wanted ad - neighbors with an empty ADU often advertise nowhere else
,Reddit (r/Bellevue r/Redmond r/SeattleWA),sublet,locations/sublet/Reddit.mdx,,Redmond / Bellevue,Eastside,,https://www.reddit.com/r/Redmond/,,,unknown,Varies,Partial,Unknown,Unknown,Unknown,Mix,Partial,Sporadic - near zero,0,No,https://www.reddit.com/r/Bellevue/,LOW YIELD. r/Seattle and r/SeattleWA largely PROHIBIT rental posts. The realistic play is POSTING a wanted ad in r/Bellevue or r/Redmond not browsing. Free. DM scammers respond within minutes - check account age
,Redmond Senior & Community Center,sublet,locations/sublet/Redmond_Senior_Center.mdx,8703 160th Ave NE,Redmond,Downtown Redmond,425-556-2314,https://www.redmond.gov/206/Senior-Services-and-Resources,,,unknown,,,,,,Referrals not listings,,Referrals only,0,Yes,https://www.redmond.gov/206/Senior-Services-and-Resources,No sublet board exists - they provide referrals and resource guides. Worth ONE phone call - staff hear about neighbors' empty units and this channel carries essentially ZERO scam risk which is the strongest argument for it
,Sublease.com,sublet,locations/sublet/Sublease_com.mdx,,,,,https://www.sublease.com/,,,unknown,,,,,,,,No functioning consumer marketplace found,,No,https://www.sublease.com/,SKIP. No functioning residential sublet marketplace serving Seattle - searches surface commercial office sublease brokers instead. Documented as a dead end
,Sublet.com,sublet,locations/sublet/Sublet_com.mdx,,Redmond / Bellevue / Kirkland,Citywide,,https://www.sublet.com/apartments-for-rent/seattle-area/redmond/,1450,3200,published,Month-to-month on several listings,Yes,Unknown,Unknown,Unknown,Whole units and rooms,Partial,Redmond 9 listings - 6 whole units,0,No,https://www.sublet.com/apartments-for-rent/seattle-area/redmond/,CONFLICTING AGENT REPORTS. One found 4 genuine candidates incl a 2300 1BR month-to-month and a 2950 open-ended 2BR. The other found a 2.0/5 rating and 100% unresolved complaints. PAY-TO-CONTACT ($12-19.95). Stale listings. Verify before paying
,UW Housing Boards,sublet,locations/sublet/UW_Housing_Boards.mdx,4515 25th Ave NE,Seattle,University District,,https://hfs.uw.edu/seattle-intern-housing/,1100,1800,estimate,Jun 21 - late Aug fixed term,Yes,Yes,Unknown,No,Dorm/apartment style and rooms,Partial,Summer 2026 term underway,25,No,https://offcampushousing.uw.edu/listing,POOR FIT on two counts - restricted to students/interns with a fixed Jun-Aug term AND it is U District (~25 min) not Eastside. Room-dominant. Low priority
